{
    "0":{
        "combination":"GAS-VCB-VNM",
        "stock i":"GAS",
        "stock j":"VCB",
        "stock k":"VNM",
        "wi":0.05,
        "wj":0.9,
        "wk":0.05,
        "total":1.0,
        "E(ri)":0.0060679276,
        "E(rj)":0.0109323446,
        "E(rk)":-0.0017727989,
        "sigma_i":0.0967552985,
        "sigma_j":0.0777143615,
        "sigma_k":0.0555472998,
        "cov_i_j":0.0044275133,
        "cov_i_k":0.0027247963,
        "cov_j_k":0.0025312555,
        "E(rp)":0.0100538666,
        "sigma_p":0.0745858144,
        "sharpe_ratio":0.0342406477
    },
    "1":{
        "combination":"GAS-VCB-FPT",
        "stock i":"GAS",
        "stock j":"VCB",
        "stock k":"FPT",
        "wi":0.05,
        "wj":0.05,
        "wk":0.9,
        "total":1.0,
        "E(ri)":0.0060679276,
        "E(rj)":0.0109323446,
        "E(rk)":0.033739519,
        "sigma_i":0.0967552985,
        "sigma_j":0.0777143615,
        "sigma_k":0.0814751447,
        "cov_i_j":0.0044275133,
        "cov_i_k":0.0036422665,
        "cov_j_k":0.00238665,
        "E(rp)":0.0312155808,
        "sigma_p":0.0773316506,
        "sharpe_ratio":0.3066736656
    },
    "2":{
        "combination":"GAS-VCB-BMP",
        "stock i":"GAS",
        "stock j":"VCB",
        "stock k":"BMP",
        "wi":0.05,
        "wj":0.05,
        "wk":0.9,
        "total":1.0,
        "E(ri)":0.0060679276,
        "E(rj)":0.0109323446,
        "E(rk)":0.0291530658,
        "sigma_i":0.0967552985,
        "sigma_j":0.0777143615,
        "sigma_k":0.0987572714,
        "cov_i_j":0.0044275133,
        "cov_i_k":0.0035355527,
        "cov_j_k":0.0030965727,
        "E(rp)":0.0270877728,
        "sigma_p":0.0925065432,
        "sharpe_ratio":0.2117447279
    },
    "3":{
        "combination":"GAS-VNM-FPT",
        "stock i":"GAS",
        "stock j":"VNM",
        "stock k":"FPT",
        "wi":0.05,
        "wj":0.05,
        "wk":0.9,
        "total":1.0,
        "E(ri)":0.0060679276,
        "E(rj)":-0.0017727989,
        "E(rk)":0.033739519,
        "sigma_i":0.0967552985,
        "sigma_j":0.0555472998,
        "sigma_k":0.0814751447,
        "cov_i_j":0.0027247963,
        "cov_i_k":0.0036422665,
        "cov_j_k":0.0018603783,
        "E(rp)":0.0305803236,
        "sigma_p":0.0769215255,
        "sharpe_ratio":0.300050258
    },
    "4":{
        "combination":"GAS-VNM-BMP",
        "stock i":"GAS",
        "stock j":"VNM",
        "stock k":"BMP",
        "wi":0.05,
        "wj":0.05,
        "wk":0.9,
        "total":1.0,
        "E(ri)":0.0060679276,
        "E(rj)":-0.0017727989,
        "E(rk)":0.0291530658,
        "sigma_i":0.0967552985,
        "sigma_j":0.0555472998,
        "sigma_k":0.0987572714,
        "cov_i_j":0.0027247963,
        "cov_i_k":0.0035355527,
        "cov_j_k":0.0020274918,
        "E(rp)":0.0264525156,
        "sigma_p":0.0918985561,
        "sharpe_ratio":0.2062330078
    },
    "5":{
        "combination":"GAS-FPT-BMP",
        "stock i":"GAS",
        "stock j":"FPT",
        "stock k":"BMP",
        "wi":0.05,
        "wj":0.7260662597,
        "wk":0.2239337331,
        "total":0.9999999928,
        "E(ri)":0.0060679276,
        "E(rj)":0.033739519,
        "E(rk)":0.0291530658,
        "sigma_i":0.0967552985,
        "sigma_j":0.0814751447,
        "sigma_k":0.0987572714,
        "cov_i_j":0.0036422665,
        "cov_i_k":0.0035355527,
        "cov_j_k":0.00319227,
        "E(rp)":0.0313288776,
        "sigma_p":0.0734414578,
        "sharpe_ratio":0.3244608472
    },
    "6":{
        "combination":"VCB-VNM-FPT",
        "stock i":"VCB",
        "stock j":"VNM",
        "stock k":"FPT",
        "wi":0.05,
        "wj":0.05,
        "wk":0.9,
        "total":1.0,
        "E(ri)":0.0109323446,
        "E(rj)":-0.0017727989,
        "E(rk)":0.033739519,
        "sigma_i":0.0777143615,
        "sigma_j":0.0555472998,
        "sigma_k":0.0814751447,
        "cov_i_j":0.0025312555,
        "cov_i_k":0.00238665,
        "cov_j_k":0.0018603783,
        "E(rp)":0.0308235444,
        "sigma_p":0.0761225508,
        "sharpe_ratio":0.3063946779
    },
    "7":{
        "combination":"VCB-VNM-BMP",
        "stock i":"VCB",
        "stock j":"VNM",
        "stock k":"BMP",
        "wi":0.900001,
        "wj":0.05,
        "wk":0.05,
        "total":1.000001,
        "E(ri)":0.0109323446,
        "E(rj)":-0.0017727989,
        "E(rk)":0.0291530658,
        "sigma_i":0.0777143615,
        "sigma_j":0.0555472998,
        "sigma_k":0.0987572714,
        "cov_i_j":0.0025312555,
        "cov_i_k":0.0030965727,
        "cov_j_k":0.0020274918,
        "E(rp)":0.0112081344,
        "sigma_p":0.0737615245,
        "sharpe_ratio":0.0502719332
    },
    "8":{
        "combination":"VCB-FPT-BMP",
        "stock i":"VCB",
        "stock j":"FPT",
        "stock k":"BMP",
        "wi":0.05,
        "wj":0.7270357783,
        "wk":0.2229642146,
        "total":0.9999999928,
        "E(ri)":0.0109323446,
        "E(rj)":0.033739519,
        "E(rk)":0.0291530658,
        "sigma_i":0.0777143615,
        "sigma_j":0.0814751447,
        "sigma_k":0.0987572714,
        "cov_i_j":0.00238665,
        "cov_i_k":0.0030965727,
        "cov_j_k":0.00319227,
        "E(rp)":0.0315765451,
        "sigma_p":0.0727068736,
        "sharpe_ratio":0.3311453778
    },
    "9":{
        "combination":"VNM-FPT-BMP",
        "stock i":"VNM",
        "stock j":"FPT",
        "stock k":"BMP",
        "wi":0.05,
        "wj":0.7256643918,
        "wk":0.2243356009,
        "total":0.9999999928,
        "E(ri)":-0.0017727989,
        "E(rj)":0.033739519,
        "E(rk)":0.0291530658,
        "sigma_i":0.0555472998,
        "sigma_j":0.0814751447,
        "sigma_k":0.0987572714,
        "cov_i_j":0.0018603783,
        "cov_i_k":0.0020274918,
        "cov_j_k":0.00319227,
        "E(rp)":0.0309349982,
        "sigma_p":0.0722079517,
        "sharpe_ratio":0.3245487182
    }
}